[
  {
    "id": "4f34e7de-2a3f-47f8-864e-0f6ba4f52cd1",
    "data": [
      {
        "text": "Great",
        "userDefined": false
      }
    ],
    "isTemplate": false,
    "count": 0,
    "updated": 0
  },
  {
    "id": "3777acee-44a8-4eee-a628-b706cdf2c44e",
    "data": [
      {
        "text": "good",
        "userDefined": false
      }
    ],
    "isTemplate": false,
    "count": 0,
    "updated": 0
  },
  {
    "id": "60e34247-60a2-4473-9333-6fe606e6576c",
    "data": [
      {
        "text": "oh",
        "userDefined": false
      }
    ],
    "isTemplate": false,
    "count": 0,
    "updated": 0
  },
  {
    "id": "bc87b60f-0be3-4033-b1c7-1e88a6b6f261",
    "data": [
      {
        "text": "okay I have made up my mind",
        "userDefined": false
      }
    ],
    "isTemplate": false,
    "count": 0,
    "updated": 0
  },
  {
    "id": "669fc6d9-3a41-41ad-8217-725248dbf56e",
    "data": [
      {
        "text": "sad",
        "userDefined": false
      }
    ],
    "isTemplate": false,
    "count": 0,
    "updated": 0
  },
  {
    "id": "741f9773-b9a7-4aa2-b0cb-3e7e885ba89d",
    "data": [
      {
        "text": "this is bad",
        "userDefined": false
      }
    ],
    "isTemplate": false,
    "count": 0,
    "updated": 0
  },
  {
    "id": "3625ef45-d92d-4f9a-9315-6dfaac0ec33d",
    "data": [
      {
        "text": "oh no",
        "userDefined": false
      }
    ],
    "isTemplate": false,
    "count": 0,
    "updated": 0
  },
  {
    "id": "236fd5a4-0eae-44c1-9671-b79c6dca7186",
    "data": [
      {
        "text": "oh nice",
        "userDefined": false
      }
    ],
    "isTemplate": false,
    "count": 0,
    "updated": 0
  },
  {
    "id": "581258d4-721e-4fd0-a0e6-77f06b1a2222",
    "data": [
      {
        "text": "oh ok",
        "userDefined": false
      }
    ],
    "isTemplate": false,
    "count": 0,
    "updated": 0
  },
  {
    "id": "64374a6d-4c1b-421b-91c1-f431213f69a1",
    "data": [
      {
        "text": "k",
        "userDefined": false
      }
    ],
    "isTemplate": false,
    "count": 0,
    "updated": 0
  },
  {
    "id": "31f9f02f-1449-45ea-b3ca-20d1b8c706a0",
    "data": [
      {
        "text": "Okk",
        "userDefined": false
      }
    ],
    "isTemplate": false,
    "count": 0,
    "updated": 0
  },
  {
    "id": "54643166-874d-426c-9c47-5a567563cf13",
    "data": [
      {
        "text": "Hmm",
        "userDefined": false
      }
    ],
    "isTemplate": false,
    "count": 0,
    "updated": 0
  },
  {
    "id": "71e6987a-f94a-4a4f-9203-0ef75561a7db",
    "data": [
      {
        "text": "Hmmm",
        "userDefined": false
      }
    ],
    "isTemplate": false,
    "count": 0,
    "updated": 0
  },
  {
    "id": "1d3eb3b9-433d-4de8-9db9-059b43d7e0b4",
    "data": [
      {
        "text": "Alright",
        "userDefined": false
      }
    ],
    "isTemplate": false,
    "count": 0,
    "updated": 0
  },
  {
    "id": "8acd01c2-2ccf-4bc4-9d95-27b24c573d1e",
    "data": [
      {
        "text": "Nice",
        "userDefined": false
      }
    ],
    "isTemplate": false,
    "count": 0,
    "updated": 0
  },
  {
    "id": "b0a2f5a2-47e5-4376-a8a1-f5e391dc0265",
    "data": [
      {
        "text": "Okay",
        "userDefined": false
      }
    ],
    "isTemplate": false,
    "count": 1,
    "updated": 0
  }
]