[
  {
    "id": "99a58da0-d7f6-4cb9-a38c-d921649fdca2",
    "data": [
      {
        "text": "tell me your delivery timings",
        "userDefined": false
      }
    ],
    "isTemplate": false,
    "count": 0,
    "updated": 0
  },
  {
    "id": "f1eac477-e7e9-433e-9384-035e0f9646a5",
    "data": [
      {
        "text": "what are your delivery timings?",
        "userDefined": false
      }
    ],
    "isTemplate": false,
    "count": 0,
    "updated": 0
  },
  {
    "id": "9246e194-20c4-45b7-a528-ee4ca0624b39",
    "data": [
      {
        "text": "When do you deliver",
        "userDefined": false
      }
    ],
    "isTemplate": false,
    "count": 0,
    "updated": 0
  },
  {
    "id": "d9006769-5f4b-4950-aa3e-d802dabd5d85",
    "data": [
      {
        "text": "When do you close ?",
        "userDefined": false
      }
    ],
    "isTemplate": false,
    "count": 0,
    "updated": 0
  },
  {
    "id": "297a96cc-bb7d-4eb9-ae26-5951be99499c",
    "data": [
      {
        "text": "Are you open ",
        "userDefined": false
      },
      {
        "text": "today",
        "alias": "date-time",
        "meta": "@sys.date-time",
        "userDefined": false
      },
      {
        "text": " ?",
        "userDefined": false
      }
    ],
    "isTemplate": false,
    "count": 0,
    "updated": 0
  },
  {
    "id": "ceeb32c7-83b1-4b87-88e5-5e8a9ce2721b",
    "data": [
      {
        "text": "Are you open right now ?",
        "userDefined": false
      }
    ],
    "isTemplate": false,
    "count": 0,
    "updated": 0
  },
  {
    "id": "39ba7f54-3c64-464a-9845-25ccca30c080",
    "data": [
      {
        "text": "What time do you open ?",
        "userDefined": false
      }
    ],
    "isTemplate": false,
    "count": 0,
    "updated": 0
  }
]