[
  {
    "id": "f1043b5c-5cde-4625-b1fc-02a71979faf4",
    "data": [
      {
        "text": "thanks",
        "userDefined": false
      }
    ],
    "isTemplate": false,
    "count": 0,
    "updated": 0
  },
  {
    "id": "4db85b9e-6f99-4a32-84d4-2b129ca09a74",
    "data": [
      {
        "text": "nice",
        "userDefined": false
      }
    ],
    "isTemplate": false,
    "count": 0,
    "updated": 0
  },
  {
    "id": "d2210734-21e8-454b-b618-be96f17b0529",
    "data": [
      {
        "text": "alright",
        "userDefined": false
      }
    ],
    "isTemplate": false,
    "count": 0,
    "updated": 0
  },
  {
    "id": "d700ce0b-8e18-46b8-8c2f-da8395e3f25b",
    "data": [
      {
        "text": "ok",
        "userDefined": false
      }
    ],
    "isTemplate": false,
    "count": 0,
    "updated": 0
  },
  {
    "id": "9c6ea5dc-cd44-407f-a6a1-240bf8208ca3",
    "data": [
      {
        "text": "okay thank you",
        "userDefined": false
      }
    ],
    "isTemplate": false,
    "count": 1,
    "updated": 0
  },
  {
    "id": "61d055e9-161e-4c0d-b5cb-d22dd6556c54",
    "data": [
      {
        "text": "okay thanks",
        "userDefined": false
      }
    ],
    "isTemplate": false,
    "count": 0,
    "updated": 0
  },
  {
    "id": "9cd6d4e2-c5a6-443b-a37e-11af757c4b20",
    "data": [
      {
        "text": "thank you",
        "userDefined": false
      }
    ],
    "isTemplate": false,
    "count": 1,
    "updated": 0
  }
]