[
  {
    "id": "9467a8cb-bd5c-4b38-bb69-6bbba9950b33",
    "data": [
      {
        "text": "1",
        "alias": "order",
        "meta": "@sys.number",
        "userDefined": false
      },
      {
        "text": " ",
        "userDefined": false
      },
      {
        "text": "pan",
        "alias": "size",
        "meta": "@size",
        "userDefined": false
      },
      {
        "text": " pizza ",
        "userDefined": false
      },
      {
        "text": "chicken fajita",
        "alias": "flavor",
        "meta": "@flavor",
        "userDefined": true
      }
    ],
    "isTemplate": false,
    "count": 0,
    "updated": 0
  },
  {
    "id": "1cc282f1-ab6f-4d0f-86cb-d466010aa5d7",
    "data": [
      {
        "text": "can I have ",
        "userDefined": false
      },
      {
        "text": "3",
        "alias": "order",
        "meta": "@sys.number",
        "userDefined": false
      },
      {
        "text": " ",
        "userDefined": false
      },
      {
        "text": "large",
        "alias": "size",
        "meta": "@size",
        "userDefined": false
      },
      {
        "text": " ",
        "userDefined": false
      },
      {
        "text": "chicken tikka",
        "alias": "flavor",
        "meta": "@flavor",
        "userDefined": true
      },
      {
        "text": " pizza",
        "userDefined": false
      }
    ],
    "isTemplate": false,
    "count": 0,
    "updated": 0
  },
  {
    "id": "4924a377-5b27-49e9-b139-a5de50be625c",
    "data": [
      {
        "text": "the order is ",
        "userDefined": false
      },
      {
        "text": "4",
        "alias": "order",
        "meta": "@sys.number",
        "userDefined": true
      },
      {
        "text": " ",
        "userDefined": false
      },
      {
        "text": "medium",
        "alias": "size",
        "meta": "@size",
        "userDefined": true
      },
      {
        "text": " ",
        "userDefined": false
      },
      {
        "text": "pepperoni",
        "alias": "flavor",
        "meta": "@flavor",
        "userDefined": true
      },
      {
        "text": " pizza",
        "userDefined": false
      }
    ],
    "isTemplate": false,
    "count": 0,
    "updated": 0
  },
  {
    "id": "5daf8e8d-ddf9-4cd2-a181-2929a4ea0362",
    "data": [
      {
        "text": "I would like to order ",
        "userDefined": false
      },
      {
        "text": "2",
        "alias": "order",
        "meta": "@sys.number",
        "userDefined": false
      },
      {
        "text": " ",
        "userDefined": false
      },
      {
        "text": "cheese",
        "alias": "flavor",
        "meta": "@flavor",
        "userDefined": true
      },
      {
        "text": " ",
        "userDefined": false
      },
      {
        "text": "personal",
        "alias": "size",
        "meta": "@size",
        "userDefined": true
      },
      {
        "text": " pizza and ",
        "userDefined": false
      },
      {
        "text": "5",
        "alias": "order",
        "meta": "@sys.number",
        "userDefined": false
      },
      {
        "text": " ",
        "userDefined": false
      },
      {
        "text": "beef chilli",
        "alias": "flavor",
        "meta": "@flavor",
        "userDefined": true
      },
      {
        "text": " ",
        "userDefined": false
      },
      {
        "text": "large",
        "alias": "size",
        "meta": "@size",
        "userDefined": false
      },
      {
        "text": " pizza",
        "userDefined": false
      }
    ],
    "isTemplate": false,
    "count": 0,
    "updated": 0
  },
  {
    "id": "08c9ceec-5473-4ea4-8c6e-e0cc58f8f9ff",
    "data": [
      {
        "text": "I want ",
        "userDefined": false
      },
      {
        "text": "2",
        "meta": "@sys.ignore",
        "userDefined": false
      },
      {
        "text": " ",
        "userDefined": false
      },
      {
        "text": "pan",
        "alias": "size",
        "meta": "@size",
        "userDefined": false
      },
      {
        "text": " pizza of ",
        "userDefined": false
      },
      {
        "text": "chicken shawarma",
        "alias": "flavor",
        "meta": "@flavor",
        "userDefined": true
      }
    ],
    "isTemplate": false,
    "count": 0,
    "updated": 0
  },
  {
    "id": "9868bb77-ac84-49b4-b000-e36a3c680ebc",
    "data": [
      {
        "text": "name is ",
        "userDefined": false
      },
      {
        "text": "Joe",
        "alias": "given-name",
        "meta": "@sys.given-name",
        "userDefined": false
      }
    ],
    "isTemplate": false,
    "count": 0,
    "updated": 0
  },
  {
    "id": "97db9ca9-6192-4474-98c6-5ae45ffeecfb",
    "data": [
      {
        "text": "chicken",
        "userDefined": false
      }
    ],
    "isTemplate": false,
    "count": 0,
    "updated": 0
  },
  {
    "id": "8c83efd7-7124-4845-9233-e0aef8866ca6",
    "data": [
      {
        "text": "nope",
        "meta": "@sys.ignore",
        "userDefined": true
      }
    ],
    "isTemplate": false,
    "count": 0,
    "updated": 0
  },
  {
    "id": "3dd69e18-1671-48a2-8260-159d5bea68fa",
    "data": [
      {
        "text": "today",
        "meta": "@sys.ignore",
        "userDefined": false
      }
    ],
    "isTemplate": false,
    "count": 0,
    "updated": 0
  },
  {
    "id": "b369e4d1-c45e-43d1-a333-f03fe1f33d69",
    "data": [
      {
        "text": "no toppings",
        "meta": "@sys.ignore",
        "userDefined": true
      }
    ],
    "isTemplate": false,
    "count": 0,
    "updated": 0
  },
  {
    "id": "8ec16960-5e19-4dd3-8cc0-fe97ad3f472d",
    "data": [
      {
        "text": "The order is for ",
        "userDefined": false
      },
      {
        "text": "Joe",
        "alias": "given-name",
        "meta": "@sys.given-name",
        "userDefined": false
      }
    ],
    "isTemplate": false,
    "count": 0,
    "updated": 0
  },
  {
    "id": "03a26f25-17cf-4cec-8b96-0471daa63d66",
    "data": [
      {
        "text": "I am ",
        "userDefined": false
      },
      {
        "text": "Ken",
        "alias": "given-name",
        "meta": "@sys.given-name",
        "userDefined": false
      }
    ],
    "isTemplate": false,
    "count": 0,
    "updated": 0
  },
  {
    "id": "c6ae8bd7-ef2e-4989-b96d-40b90eb19408",
    "data": [
      {
        "text": "Anna",
        "alias": "given-name",
        "meta": "@sys.given-name",
        "userDefined": false
      },
      {
        "text": " here.",
        "userDefined": false
      }
    ],
    "isTemplate": false,
    "count": 0,
    "updated": 0
  },
  {
    "id": "c8ec9ff7-c443-4534-ba8d-db41a7247321",
    "data": [
      {
        "text": "Mahnoor",
        "alias": "given-name",
        "meta": "@sys.given-name",
        "userDefined": true
      }
    ],
    "isTemplate": false,
    "count": 0,
    "updated": 0
  },
  {
    "id": "384c3da3-7e8a-411a-924d-c170cdcd7506",
    "data": [
      {
        "text": "I want ",
        "userDefined": false
      },
      {
        "text": "large",
        "alias": "size",
        "meta": "@size",
        "userDefined": true
      },
      {
        "text": " pizza ",
        "userDefined": false
      },
      {
        "text": "monday",
        "meta": "@sys.ignore",
        "userDefined": false
      }
    ],
    "isTemplate": false,
    "count": 0,
    "updated": 0
  },
  {
    "id": "10c24be9-5d14-4201-8c10-1742c0877ad2",
    "data": [
      {
        "text": "I want to order pizza for ",
        "userDefined": false
      },
      {
        "text": "monday",
        "meta": "@sys.ignore",
        "userDefined": true
      },
      {
        "text": " ",
        "userDefined": false
      },
      {
        "text": "at 4:00am",
        "alias": "time",
        "meta": "@sys.time",
        "userDefined": false
      }
    ],
    "isTemplate": false,
    "count": 0,
    "updated": 0
  },
  {
    "id": "d06f7c58-69a9-4bb3-af8a-9f5229768ac7",
    "data": [
      {
        "text": "I\u0027d like to order a pizza for pickup ",
        "userDefined": false
      },
      {
        "text": "in 1 hour",
        "alias": "time",
        "meta": "@sys.time",
        "userDefined": false
      }
    ],
    "isTemplate": false,
    "count": 0,
    "updated": 0
  },
  {
    "id": "5c3bfec0-46fe-4bb8-b9c0-11ee8a2602ea",
    "data": [
      {
        "text": "I want a chicken pizza",
        "userDefined": false
      }
    ],
    "isTemplate": false,
    "count": 0,
    "updated": 0
  },
  {
    "id": "e3e2f2ed-617c-4e38-9c10-2eb1a693fe2c",
    "data": [
      {
        "text": "I\u0027d like a small pizza with ",
        "userDefined": false
      },
      {
        "text": "mushrooms",
        "meta": "@sys.ignore",
        "userDefined": true
      }
    ],
    "isTemplate": false,
    "count": 0,
    "updated": 0
  },
  {
    "id": "48c2d120-f639-4606-b3b0-5d0cd251a0e1",
    "data": [
      {
        "text": "I want to order a ",
        "userDefined": false
      },
      {
        "text": "small",
        "alias": "size",
        "meta": "@size",
        "userDefined": true
      },
      {
        "text": " pizza with ",
        "userDefined": false
      },
      {
        "text": "chicken",
        "meta": "@sys.ignore",
        "userDefined": true
      },
      {
        "text": " only",
        "userDefined": false
      }
    ],
    "isTemplate": false,
    "count": 0,
    "updated": 0
  },
  {
    "id": "217ec01b-6d52-41ff-8c2e-16cc3dcf3c29",
    "data": [
      {
        "text": "I want to order a ",
        "userDefined": false
      },
      {
        "text": "cheese",
        "meta": "@sys.ignore",
        "userDefined": true
      },
      {
        "text": " pizza for ",
        "userDefined": false
      },
      {
        "text": "1 PM tomorrow",
        "alias": "time",
        "meta": "@sys.time",
        "userDefined": false
      }
    ],
    "isTemplate": false,
    "count": 0,
    "updated": 0
  },
  {
    "id": "9e292d24-f98f-4471-ac73-2399ca192306",
    "data": [
      {
        "text": "can I order a ",
        "userDefined": false
      },
      {
        "text": "cheese",
        "meta": "@sys.ignore",
        "userDefined": true
      },
      {
        "text": " pizza for pickup ",
        "userDefined": false
      },
      {
        "text": "today at noon",
        "alias": "time",
        "meta": "@sys.time",
        "userDefined": false
      },
      {
        "text": " ?",
        "userDefined": false
      }
    ],
    "isTemplate": false,
    "count": 0,
    "updated": 0
  }
]