[
  {
    "id": "b72191bc-ecdf-4129-a4f0-4e7c0d8482e5",
    "data": [
      {
        "text": "great",
        "userDefined": false
      }
    ],
    "isTemplate": false,
    "count": 0,
    "updated": 0
  },
  {
    "id": "d0e349cc-5beb-4649-abfc-93c48211e320",
    "data": [
      {
        "text": "alright",
        "userDefined": false
      }
    ],
    "isTemplate": false,
    "count": 0,
    "updated": 0
  },
  {
    "id": "9aeaa69e-4744-429a-afc6-7f9d1eb5fef4",
    "data": [
      {
        "text": "Ok thanks",
        "userDefined": false
      }
    ],
    "isTemplate": false,
    "count": 0,
    "updated": 0
  },
  {
    "id": "85c9c89b-4afb-4da2-a3bd-3618be478ff7",
    "data": [
      {
        "text": "Thankyou",
        "userDefined": false
      }
    ],
    "isTemplate": false,
    "count": 0,
    "updated": 0
  },
  {
    "id": "a5d21adf-5cf9-48b5-9f00-92e5999577c8",
    "data": [
      {
        "text": "Thanks",
        "userDefined": false
      }
    ],
    "isTemplate": false,
    "count": 0,
    "updated": 0
  },
  {
    "id": "2109546d-0a83-4235-aa31-f70c3c5caef2",
    "data": [
      {
        "text": "Okay",
        "userDefined": false
      }
    ],
    "isTemplate": false,
    "count": 0,
    "updated": 0
  }
]