[
  {
    "id": "20ece1b3-cd5d-42aa-a80b-10039692dc05",
    "data": [
      {
        "text": "do you delievr at new karachi",
        "userDefined": false
      }
    ],
    "isTemplate": false,
    "count": 0,
    "updated": 0
  },
  {
    "id": "9338e876-ee10-49e2-b9b1-27e77aeb2cfc",
    "data": [
      {
        "text": "where do you deliver",
        "userDefined": false
      }
    ],
    "isTemplate": false,
    "count": 0,
    "updated": 0
  },
  {
    "id": "54f4f818-4252-428c-bc22-58acfd11771a",
    "data": [
      {
        "text": "do you deliver at ",
        "userDefined": false
      },
      {
        "text": "North",
        "alias": "place",
        "meta": "@place",
        "userDefined": true
      },
      {
        "text": "?",
        "userDefined": false
      }
    ],
    "isTemplate": false,
    "count": 0,
    "updated": 0
  },
  {
    "id": "8314ad0e-e625-4527-829f-85c87b744a6a",
    "data": [
      {
        "text": "do you deliver at ",
        "userDefined": false
      },
      {
        "text": "Gulshan",
        "alias": "place",
        "meta": "@place",
        "userDefined": false
      },
      {
        "text": "?",
        "userDefined": false
      }
    ],
    "isTemplate": false,
    "count": 0,
    "updated": 0
  }
]