[
  {
    "value": "pepsi",
    "synonyms": [
      "pepsi"
    ]
  },
  {
    "value": "coke",
    "synonyms": [
      "coke"
    ]
  },
  {
    "value": "7up",
    "synonyms": [
      "7up"
    ]
  },
  {
    "value": "softdrink",
    "synonyms": [
      "softdrink"
    ]
  },
  {
    "value": "milkshake",
    "synonyms": [
      "milkshake"
    ]
  },
  {
    "value": "smoothie",
    "synonyms": [
      "smoothie"
    ]
  },
  {
    "value": "juice",
    "synonyms": [
      "juice"
    ]
  },
  {
    "value": "orange juice",
    "synonyms": [
      "orange juice"
    ]
  },
  {
    "value": "lemonade",
    "synonyms": [
      "lemonade"
    ]
  }
]